name,type,value,date,
张三,战士,4935,2018年1月,
李四,法师,2673,2018年1月,
王二麻子,祭祀,3937,2018年1月,
张三,战士,4144,2018年2月,
李四,法师,6381,2018年2月,
王二麻子,祭祀,4654,2018年2月,
张三,战士,2624,2018年3月,
李四,法师,8364,2018年3月,
王二麻子,祭祀,3541,2018年3月,
张三,战士,6800,2018年4月,
李四,法师,4467,2018年4月,
王二麻子,祭祀,7368,2018年4月,
张三,战士,6528,2018年5月,
李四,法师,9675,2018年5月,
王二麻子,祭祀,2360,2018年5月,
张三,战士,2070,2018年6月,
李四,法师,7257,2018年6月,
王二麻子,祭祀,8094,2018年6月,
张三,战士,6581,2018年7月,
李四,法师,8989,2018年7月,
王二麻子,祭祀,7720,2018年7月,
张三,战士,6007,2018年8月,
李四,法师,8235,2018年8月,
王二麻子,祭祀,1614,2018年8月,
张三,战士,3739,2018年9月,
李四,法师,6532,2018年9月,
王二麻子,祭祀,7385,2018年9月,
张三,战士,9332,2018年10月,
李四,法师,5421,2018年10月,
王二麻子,祭祀,4919,2018年10月,
张三,战士,3387,2018年11月,
李四,法师,7831,2018年11月,
王二麻子,祭祀,7332,2018年11月,
张三,战士,1095,2018年12月,
李四,法师,2989,2018年12月,
王二麻子,祭祀,5137,2018年12月,
张三,战士,5408,2019年1月,
李四,法师,1108,2019年1月,
王二麻子,祭祀,9393,2019年1月,
张三,战士,7114,2019年2月,
李四,法师,2824,2019年2月,
王二麻子,祭祀,8107,2019年2月,
张三,战士,7605,2019年3月,
李四,法师,2297,2019年3月,
王二麻子,祭祀,1863,2019年3月,
张三,战士,1054,2019年4月,
李四,法师,3134,2019年4月,
王二麻子,祭祀,6104,2019年4月,
张三,战士,7345,2019年5月,
李四,法师,1537,2019年5月,
王二麻子,祭祀,6256,2019年5月,
张三,战士,9370,2019年6月,
李四,法师,8795,2019年6月,
王二麻子,祭祀,7972,2019年6月,
张三,战士,3558,2019年7月,
李四,法师,9953,2019年7月,
王二麻子,祭祀,5972,2019年7月,
张三,战士,4034,2019年8月,
李四,法师,1483,2019年8月,
王二麻子,祭祀,6472,2019年8月,
张三,战士,7433,2019年9月,
李四,法师,1331,2019年9月,
王二麻子,祭祀,8401,2019年9月,
张三,战士,9576,2019年10月,
李四,法师,5180,2019年10月,
王二麻子,祭祀,8830,2019年10月,
